id,name,followers,genre,popularity
4q3ewBCX7sLwd24euuV69X,Bad Bunny,75662365,"['reggaeton', 'trap latino', 'urbano latino']",97
06HL4z0CvFAxyc27GXpf02,Taylor Swift,90026456,['pop'],100
3TVXtAsR1Inumwj472S9r4,Drake,80976926,"['canadian hip hop', 'canadian pop', 'hip hop', 'pop rap', 'rap']",97
1Xyo4u8uXC1ZmMpatF05PJ,The Weeknd,73418832,"['canadian contemporary r&b', 'canadian pop', 'pop']",94
5cj0lLjcoR7YOSnhnX0Po5,Doja Cat,26921800,"['dance pop', 'pop']",89
790FomKkXshlbRYZFtlgla,KAROL G,40784506,"['reggaeton', 'reggaeton colombiano', 'trap latino', 'urbano latino']",90
1McMsnEElThX1knmY4oliG,Olivia Rodrigo,29256783,['pop'],90
2LRoIwlKmHjgvigdNGBHNo,Feid,7963883,"['colombian pop', 'pop reggaeton', 'reggaeton colombiano', 'trap latino', 'urbano latino']",90
7nqOGRxlXj7N2JYbgNEjYH,SEVENTEEN,10394158,"['k-pop', 'k-pop boy group']",79
0Y5tJX1MQlPlqiwlOH1tJY,Travis Scott,24760333,"['hip hop', 'rap', 'slap house']",92
3wcj11K77LjEY1PkEazffa,Burna Boy,6978169,"['afrobeats', 'azontobeats', 'dancehall', 'nigerian hip hop', 'nigerian pop']",80
6HaGTQPmzraVmaVxvz6EUc,Jung Kook,10562931,['k-pop'],88
45dkTj5sMRSjrmBSBeiHym,Tate McRae,3887585,"['alt z', 'pop']",82
6eUKZXaKkcviH0Ku9w2n3V,Ed Sheeran,114875034,"['pop', 'singer-songwriter pop', 'uk pop']",88
7tYKF4w9nC0nq9CsPZTHyP,SZA,15365299,"['pop', 'r&b', 'rap']",89
12GqGscKJx3aE4t07u7eVZ,Peso Pluma,8422874,"['corridos tumbados', 'sad sierreno']",92
3WGpXCj9YhhfX11TToZcXP,Troye Sivan,7960555,"['australian pop', 'pop', 'viral pop']",80
4zCH9qm4R2DADamUHMCa6O,Anirudh Ravichander,23277672,"['desi hip hop', 'filmi', 'tamil hip hop']",86
0jbo7KFNMiIkfBR6ih0yhm,iñigo quintero,138062,[],76
0Q8NcsJwoCbZOHHW63su5S,Mora,3016538,"['trap latino', 'urbano latino']",86
4dpARuHxo51G3z768sgnrY,Adele,52004063,"['british soul', 'pop', 'pop soul', 'uk pop']",84
22bE4uQ6baNwSHPVcDxLCe,The Rolling Stones,13389130,"['album rock', 'british invasion', 'classic rock', 'rock']",79
3SozjO3Lat463tQICI9LcE,Tyla,183732,[],73
5YGY8feqx7naU7z4HrwZM6,Miley Cyrus,22394226,['pop'],84
00FQb4jTyendYWaN8pK0wa,Lana Del Rey,29020605,"['art pop', 'pop']",90
7uMDnSZyUYNBPLhPMNuaM2,Kenya Grace,317369,['singer-songwriter pop'],77
716NhGYqD1jl2wI1Qkgq36,Bizarrap,12963333,"['argentine hip hop', 'pop venezolano', 'trap argentino', 'trap latino', 'urbano latino']",86
6M2wZ9GZgrQXHCFfjv46we,Dua Lipa,41844827,"['dance pop', 'pop', 'uk pop']",86
40ZNYROS4zLfyyBSs2PGe2,Zach Bryan,2424104,"['classic oklahoma country', 'modern country pop']",88
0iEtIxbK0KxaSlF7G42ZOp,Metro Boomin,5880905,['rap'],87
6qqNVTkY8uBg9cP3Jd7DAH,Billie Eilish,87878184,"['art pop', 'pop']",88
6XkjpgcEsYab502Vr1bBeW,Grupo Frontera,2131643,['musica chihuahuense'],85
6KImCVD70vtIoJWnq6nGn3,Harry Styles,29846556,['pop'],85
6Te49r3A6f5BiIgBRxH7FH,Ninho,8848447,"['french hip hop', 'pop urbaine']",78
246dkjvS1zLTtiykXe5h60,Post Malone,42396464,"['dfw rap', 'melodic rap', 'pop', 'rap']",88
46pWGuE3dSwY3bMMXGBvVS,Rema,3339928,"['afrobeats', 'nigerian pop']",78
7iK8PXO48WeuP03g8YR51W,Myke Towers,12961986,"['reggaeton', 'trap latino', 'urbano latino']",87
5K4W6rqBFWDnAN6FQUkS6x,Kanye West,21650868,"['chicago rap', 'hip hop', 'rap']",90
4YRxDV8wJFPHPTeXepOstw,Arijit Singh,93097608,"['filmi', 'modern bollywood']",89
5H4yInM5zmHqpKIoMNAx4r,Central Cee,4211331,['melodic drill'],82
66ihevNkSYNzRAl44dx6jJ,Carin Leon,8443277,"['corrido', 'musica mexicana', 'sad sierreno', 'sierreno']",86
1r4hJ1h58CWwUQe3MxPuau,Maluma,34362841,"['latin pop', 'reggaeton', 'reggaeton colombiano', 'trap latino', 'urbano latino']",84
52iwsT98xCoGgiGntTiR7K,Quevedo,3142362,"['rap canario', 'trap latino', 'urbano latino']",85
4DdkRBBYG6Yk9Ka8tdJ9BW,Offset,3125793,"['atl hip hop', 'hip hop', 'pop rap', 'rap', 'trap']",80
6HvZYsbFfjnjFrWF950C9d,NewJeans,5811406,"['k-pop', 'k-pop girl group']",83
7Ln80lUS6He07XvHI8qqHH,Arctic Monkeys,22011318,"['garage rock', 'modern rock', 'permanent wave', 'rock', 'sheffield indie']",85
4oUHIQIBe0LHzYfvXNW4QM,Morgan Wallen,7442415,['contemporary country'],87
6Ip8FS7vWT1uKkJSweANQK,Dave,3839352,['uk hip hop'],80
6HCBnyTBSLdb3TFn2ayulY,Leto,875018,"['french hip hop', 'pop urbaine', 'rap francais']",68
64tJ2EAv1R6UaZqc4iOCyj,YOASOBI,6598176,"['j-pop', 'japanese teen pop']",77
5pKCCKE2ajJHZ9KAiaK11H,Rihanna,58044161,"['barbadian pop', 'pop', 'urban contemporary']",88
40YXr3tdSqFv0kfmgjj8vP,ANNA ASTI,380262,['russian pop'],59
2uYWxilOVlUdk4oV9DvwqK,Mitski,5460993,"['brooklyn indie', 'pov: indie']",82
45TgXXqMDdF8BkjA83OM7z,Rod Wave,5708055,['florida rap'],80
0du5cEVh5yTK9QJze8zA0C,Bruno Mars,51617766,"['dance pop', 'pop']",87
7Gi6gjaWy3DxyilpF1a8Is,Junior H,11008727,"['corrido', 'corridos tumbados', 'musica mexicana', 'sad sierreno', 'sierreno']",89
4gzpq5DPGxSnKTe4SA8HAU,Coldplay,47637325,"['permanent wave', 'pop']",86
2hlmm7s2ICUX0LVIhVFlZQ,Gunna,6099300,"['atl hip hop', 'melodic rap', 'rap', 'trap']",84
718COspgdWOnwOFpJHRZHS,Luke Combs,9430156,"['contemporary country', 'country']",83
4O15NlyKLIASxsJ0PrXPfz,Lil Uzi Vert,16056577,"['hip hop', 'melodic rap', 'philly rap', 'rage rap', 'rap']",85
1mcTU81TzQhprhouKaTkpq,Rauw Alejandro,19014337,"['puerto rican pop', 'reggaeton', 'trap latino', 'urbano latino']",87
2tIP7SsRs7vjIcLrU85W8J,The Kid LAROI,4816988,['australian hip hop'],79
0ys2OFYzWYB5hRDLCsBqxt,Fuerza Regida,5362550,"['corrido', 'corridos tumbados', 'sad sierreno', 'sierreno']",86
3ZpEKRjHaHANcpk10u6Ntq,Ayra Starr,1993101,['afrobeats'],73
5wCmhq5J2hPwL2r0eKurxn,cassö,14866,[],74
2txHhyCwHjUEpJjWrEyqyX,Tom Odell,3511300,"['chill pop', 'neo-singer-songwriter']",76
7dGJo4pcD2V6oG8kP0tJRR,Eminem,77596640,"['detroit hip hop', 'hip hop', 'rap']",89
3a1tBryiczPAZpgoZN9Rzg,Asake,2127647,"['afrobeats', 'nigerian pop']",72
5KKpBU5eC2tJDzf0wmlRp2,RAYE,1039543,"['uk contemporary r&b', 'uk pop']",79
6vWDO969PvNqNYHIOW5v0m,Beyoncé,36075322,"['pop', 'r&b']",85
6FBDaR13swtiWwGhX1WQsP,blink-182,7853111,"['alternative metal', 'modern rock', 'pop punk', 'punk', 'rock', 'socal pop punk']",80
2R21vXR83lH98kGeO99Y66,Anuel AA,33040191,"['reggaeton', 'reggaeton flow', 'trap boricua', 'trap latino', 'urbano latino']",86
53XhwfbYqKCa1cC15pYq2q,Imagine Dragons,50669153,"['modern rock', 'pop', 'rock']",86
1wRPtKGflJrBx9BmLsSwlU,Pritam,22328987,"['filmi', 'indian instrumental', 'modern bollywood']",86
4LEiUm1SRbFMgfqnQTwUbQ,Bon Iver,3487401,"['chamber pop', 'eau claire indie', 'indie folk', 'melancholia', 'modern rock']",76
5XJDexmWFLWOkjOEjOVX3e,Eladio Carrion,5255789,"['trap boricua', 'trap latino', 'trap triste', 'urbano latino']",83
19HM5j0ULGSmEoRcrSe5x3,Milo j,1279537,['trap argentino'],83
6l3HvQ5sa6mXTsMTB19rO5,J. Cole,21692505,"['conscious hip hop', 'hip hop', 'north carolina hip hop', 'rap']",86
1Cs0zKBU1kc0i8ypK3B9ai,David Guetta,26341933,"['big room', 'dance pop', 'edm', 'pop', 'pop dance']",86
5gqmbbfjcikQBzPB5Hv13I,Gazo,2005423,"['drill francais', 'french hip hop', 'pop urbaine', 'r&b francais', 'rap francais']",76
7bXgB6jMjp9ATFy66eO08Z,Chris Brown,20622975,"['pop rap', 'r&b', 'rap']",85
33NVpKoXjItPwUJTMZIOiY,David Kushner,1419235,['gen z singer-songwriter'],77
49aaHxvAJ0tCh0F15OnwIl,Loreen,981245,"['europop', 'swedish pop']",71
1HY2Jd0NmPuamShAr6KMms,Lady Gaga,28222809,"['art pop', 'dance pop', 'pop']",83
0Y3agQaa6g2r0YmHPOO9rh,Davido,3712174,"['afrobeats', 'afropop', 'azontobeats', 'ghanaian hip hop', 'nigerian pop']",72
1TtXnWcUs0FCkaZDPGYHdf,Darell,3958164,"['latin hip hop', 'reggaeton', 'trap latino', 'urbano latino']",77
3qsKSpcV3ncke3hw52JSMB,Young Miko,1439064,"['trap latino', 'urbano latino']",83
1URnnhqYAYcrqrcwql10ft,21 Savage,15246304,"['atl hip hop', 'hip hop', 'rap']",89
2rEVnwCPBeGkWMv425KoG1,AYLIVA,997956,['german pop'],77
4GNC7GD6oZMSxPGyXy4MNB,Lewis Capaldi,11817995,"['pop', 'uk pop']",79
250b0Wlc5Vk0CoUsaCY84M,JENNIE,4312188,['k-pop'],75
7CajNmpbOovFoOoasH2HaY,Calvin Harris,23388463,"['dance pop', 'edm', 'electro house', 'house', 'pop', 'pop dance', 'progressive house', 'uk dance']",84
4cG43cUBRJWWDsRh4SW48i,Viktor Sheen,495919,"['czech drill', 'czech hip hop', 'czsk hip hop']",67
3gBZUcNeVumkeeJ19CY2sX,Ken Carson,773716,['rage rap'],79
3YBJLs7RqR0aPGBgU27nDh,Werenoi,453100,"['french hip hop', 'pop urbaine']",73
6nVcHLIgY5pE2YCl8ubca1,Jhayco,6895428,"['reggaeton', 'trap latino', 'urbano latino']",83
5VadK1havLhK1OpKYsXv9y,D-Block Europe,1206042,"['melodic drill', 'uk hip hop']",77
1uNFoZAHBGtllmzznpCI3s,Justin Bieber,74256151,"['canadian pop', 'pop']",88
3MdXrJWsbVzdn6fe5JYkSQ,Latto,1260702,['trap queen'],84
0elWFr7TW8piilVRYJUe4P,Natanael Cano,9103215,"['corrido', 'corridos tumbados', 'musica mexicana', 'sad sierreno', 'sierreno']",86
0tmwSHipWxN12fsoLcFU3B,Manuel Turizo,13101800,"['colombian pop', 'reggaeton', 'reggaeton colombiano', 'trap latino', 'urbano latino']",82
0C8ZW7ezQVs4URX5aX7Kqx,Selena Gomez,45947760,"['pop', 'post-teen pop']",83
0GM7qgcRCORpGnfcN2tCiB,Tainy,1760546,"['pop reggaeton', 'reggaeton', 'trap latino', 'urbano latino']",80
2RQXRUsr4IW1f3mKyKsy4B,Noah Kahan,1416876,['pov: indie'],83
3qiHUAX7zY4Qnjx8TNUzVx,Yeat,3354244,"['pluggnb', 'rage rap']",83
2lolQgalUvZDfp5vvVtTYV,Tony Bennett,871138,"['adult standards', 'easy listening', 'lounge', 'vocal jazz']",62
08GQAI4eElDnROBrJRGE0X,Fleetwood Mac,10552483,"['album rock', 'classic rock', 'rock', 'soft rock', 'yacht rock']",80
2h93pZq0e7k5yf4dywlkpM,Frank Ocean,12004356,"['lgbtq+ hip hop', 'neo soul']",83
5TirRF3azWV5OpyufcDCFP,A-Reece,682898,"['south african hip hop', 'south african trap']",57
4QvgGvpgzgyUOo8Yp8LDm9,Mrs. GREEN APPLE,3055012,"['anime rock', 'j-pop', 'j-rock']",74
2wY79sveU1sp5g7SokKOiI,Sam Smith,23206012,"['pop', 'uk pop']",83
1DxLCyH42yaHKGK3cl5bvG,Maria Becerra,5085916,['pop argentino'],81
2LIk90788K0zvyj2JJVwkJ,Jack Harlow,3038728,"['deep underground hip hop', 'kentucky hip hop', 'pop rap', 'rap']",83
6EIriUxo7vznEgJtTDlXpq,Azahriah,325576,['hungarian pop'],66
2o5jDhtHVPhrJdv3cEQ99Z,Tiësto,7118635,"['big room', 'brostep', 'dutch edm', 'edm', 'house', 'pop dance', 'slap house', 'trance']",82
4AK6F7OLvEQ5QYCBNiQWHq,One Direction,33556302,"['boy band', 'pop', 'post-teen pop', 'talent show']",83
77SW9BnxLY8rJ0RciFqkHh,The Neighbourhood,14031999,"['modern alternative rock', 'modern rock', 'pop', 'pov: indie']",83
3IDfJpj4YVkaBl7Dd52Pxv,Byron Messia,53051,[],60
2mLA48B366zkELXYx7hcDN,Peggy Gou,792631,"['electra', 'float house']",72
1KCSPY1glIKqW2TotWuXOR,P!nk,15960941,"['dance pop', 'pop']",80
0EmeFodog0BfCgMzAIvKQp,Shakira,31665577,"['colombian pop', 'dance pop', 'latin pop', 'pop']",86
2OhUNb01gLwygOizYvTm0e,Big One,236367,['trap argentino'],76
1CcZoULzFHa8Uhwo6OlQcp,Semicenk,1875249,['turkish pop'],74
2YZyLoL8N0Wb9xBt1NhZWg,Kendrick Lamar,25680466,"['conscious hip hop', 'hip hop', 'rap', 'west coast rap']",87
1RyvyyTE3xzB2ZywiAwp0i,Future,15084398,"['atl hip hop', 'hip hop', 'rap', 'southern hip hop', 'trap']",88
0LKAV3zJ8a8AIGnyc5OvfB,SDM,647976,"['french hip hop', 'pop urbaine', 'r&b francais']",70
35oGZihZclGoTVuICPXRP9,Jere Klein,687881,['reggaeton chileno'],75
5WUlDfRSoLAfcVSX1WnrxN,Sia,27043819,"['australian dance', 'australian pop', 'pop']",82
3Nrfpe0tUJi4K4DXYWgMUX,BTS,70356205,"['k-pop', 'k-pop boy group', 'pop']",86
2WoVwexZuODvclzULjPQtm,Sampha,667110,"['alternative r&b', 'indie soul']",65
7uIbLdzzSEqnX0Pkrb56cR,Yo Yo Honey Singh,13831880,"['filmi', 'hindi hip hop', 'modern bollywood']",76
66CXWjxzNUsdJxJ2JdwvnR,Ariana Grande,94233961,['pop'],87
5VKufGMVAZ6fs111xYNKnU,MACAN,615473,"['russian gangster rap', 'russian hip hop']",59
1i8SpTcr7yvPOmcqrbnVXY,Ozuna,37756916,"['puerto rican pop', 'reggaeton', 'trap latino', 'urbano latino']",85
6mEQK9m2krja6X1cfsAjfl,Ado,3226871,"['j-pop', 'japanese teen pop']",74
6XyY86QOPPrYVGvF9ch6wz,Linkin Park,24527597,"['alternative metal', 'nu metal', 'post-grunge', 'rap metal', 'rock']",84
06Q5VlSAku57lFzyME3HrM,Ke Personajes,2843562,['cumbia pop'],80
0ghlgldX5Dd6720Q3qFyQB,TOMORROW X TOGETHER,8869654,"['k-pop', 'k-pop boy group']",79
2AfmfGFbe0A0WsTYm0SDTx,(G)I-DLE,7630256,['k-pop girl group'],76
27LlKWxS3KXW7RRAxN5S8s,Geolier,1543354,"['italian hip hop', 'italian pop', 'rap napoletano', 'trap italiana']",75
0Y4inQK6OespitzD6ijMwb,Freddie Gibbs,1208516,"['alternative hip hop', 'hip hop', 'indiana hip hop', 'rap', 'underground hip hop']",64
41MozSoPIsD1dJM0CLPjZF,BLACKPINK,46264217,"['k-pop', 'k-pop girl group', 'pop']",82
3vUMXQ9kPnZAQkMkZZ7Hfh,Tiakola,1413343,"['french hip hop', 'pop urbaine']",74
5r3wPya2PpeTTsXsGhQU8O,Shubh,2172089,['punjabi hip hop'],76
1vyhD5VmyZ7KMfW5gqLgo5,J Balvin,37715309,"['reggaeton', 'reggaeton colombiano', 'trap latino', 'urbano latino']",85
2FKWNmZWDBZR4dE5KX4plR,Diljit Dosanjh,18001341,"['filmi', 'modern bollywood', 'punjabi pop']",74
64KEffDW9EtZ1y2vBYgq8T,Marshmello,34995702,"['brostep', 'edm', 'pop', 'progressive electro house']",82
33qOK5uJ8AR2xuQQAhHump,Teddy Swims,920888,[],70
582KhTHEVOONNQLmQ5612r,Calcutta ,655694,"['italian adult pop', 'italian indie pop', 'italian pop', 'rome indie']",66
4IWBUUAFIplrNtaOHcJPRM,James Arthur,13997561,"['pop', 'talent show', 'uk pop']",81
0GgY7hjMoGDsX8ZDe2mwds,Soolking,4860601,"['french hip hop', 'pop urbaine', 'r&b francais', 'rap algerien']",71
5Pwc4xIPtQLFEnJriah9YJ,OneRepublic,16342319,"['piano rock', 'pop']",82
6DARBhWbfcS9E4yJzcliqQ,Karan Aujla,6699596,"['desi hip hop', 'punjabi pop']",77
6CP5wWvO8oIxedESJNCN4H,Ski Aggu,234737,['german hip hop'],72
6VuMaDnrHyPL1p4EHjYLi7,Charlie Puth,21530702,"['pop', 'viral pop']",80
3hcs9uc56yIGFCSy9leWe7,Lil Durk,6397108,"['chicago drill', 'chicago rap', 'drill', 'hip hop', 'rap', 'trap']",82
3fMbdgg4jU18AjLCKBhRSm,Michael Jackson,29057343,"['r&b', 'soul']",81
7dvG18F378r7HRxmiHn3ti,Valiant,123088,['dancehall'],54
7sP4SQ0WY6jfps1I19Ot7i,Fridayy,74163,[],62
6w9ToX5slZ4uIdmD17hJ3c,Bryant Myers,9838885,"['reggaeton', 'reggaeton flow', 'trap latino', 'urbano latino']",80
2CKOmarVWvWqkNWUatHCex,Ana Castela,3289334,"['agronejo', 'sertanejo pop']",82
23TFHmajVfBtlRx5MXqgoz,Sfera Ebbasta,5736924,"['italian hip hop', 'italian pop', 'trap italiana', 'trap latino']",78
5C4PDR4LnhZTbVnKWXuDKD,Morat,9883575,"['colombian pop', 'latin viral pop']",81
6dLuQ5qXxIuWc5urxfIiZR,Calle 24,528833,"['corrido', 'corridos tumbados', 'sad sierreno', 'sierreno']",75
0hmUwzWBrPHpGWGrYH05c3,Miyagi & Andy Panda,1985007,['russian hip hop'],60
4tZwfgrHOc3mvqYlEYSvVi,Daft Punk,9649187,"['electro', 'filter house', 'rock']",80
47mIJdHORyRerp4os813jD,League of Legends,1700996,"['speedrun', 'video game music']",78
4lY2DXvRv9RPeFcUtn6PUh,HEARTSTEEL,72508,[],48
2K5nCggbhSZ00YCYP5qkZS,Shiva,1731944,"['italian hip hop', 'italian pop', 'trap italiana']",75
1bfl0AU8SqmLkElptOprhC,Julión Álvarez y su Norteño Banda,3956209,"['banda', 'musica mexicana', 'norteno', 'sad sierreno']",75
6tbjWDEIzxoDsBA1FuhfPW,Madonna,7272328,"['dance pop', 'pop']",79
487N2T9nIPEHrlTZLL3SQs,Zé Neto & Cristiano,18944808,"['agronejo', 'arrocha', 'sertanejo', 'sertanejo universitario']",79
487N2T9nIPEHrlTZLL3SQs,Zé Neto & Cristiano,18944808,"['agronejo', 'arrocha', 'sertanejo', 'sertanejo universitario']",79
5yOvAmpIR7hVxiS6Ls5DPO,Omah Lay,1875759,"['afrobeats', 'nigerian pop']",70
6Sbl0NT50roqWvy746MfVf,Gabito Ballesteros,1070968,"['corrido', 'sierreno']",82
6rs1KAoQnFalSqSU4LTh8g,back number,4153560,"['j-pop', 'j-rock']",71
4az97MtWmBQ5Db3GfDh9j9,Morad,2177073,"['drill espanol', 'urbano espanol']",77
3LvwPiJQJ0da0GurKMToV0,Baby Gang,1202396,['trap italiana'],73
3zaDigUwjHvjOkSn0NDf9x,Bnxn,1136864,"['afrobeats', 'nigerian pop']",69
51TXQniEQkYh89tfLjiuSy,Ant Wan,201220,"['swedish drill', 'swedish gangsta rap', 'swedish hip hop', 'swedish trap', 'swedish trap pop']",65
2oIQCM7hRZI9tS5b9S8rj4,Tyler ICU,515512,['amapiano'],58
76Pl0epAMXVXJspaSuz8im,Freeze corleone,910656,"['drill francais', 'french hip hop', 'melodic drill', 'pop urbaine']",72
6L8y2rKomt32RmT4wfwZS7,Jungeli,8762,[],62
0a8YNI8VHVPYKIPvCiJDxa,Mohbad,581696,"['afrobeats', 'nigerian pop']",65
5np2XqLanbxQzpEVFG0big,Kman 6ixx,7732,[],36
4SsVbpTthjScTS7U2hmr1X,Arcángel,12294888,"['latin hip hop', 'reggaeton', 'trap latino', 'urbano latino']",82
72A0Z8q8NiochyK9gUHpCR,The Kolors,370833,"['italian adult pop', 'italian pop']",63
0GOx72r5AAEKRGQFn3xqXK,GIMS,4135677,"['french hip hop', 'french pop', 'r&b francais', 'rap conscient']",71
2jku7tDXc6XoB6MO2hFuqg,Tory Lanez,6064095,"['canadian hip hop', 'canadian trap', 'melodic rap', 'pop rap', 'r&b', 'rap', 'trap']",80
1qQLhymHXFPtP5U8KNKsm6,Apache 207,2594125,['german hip hop'],73
5NwQB5sb5ydfoMJ1OgG23B,蒋宗翰 任俊伊 李顺杰 余林杰 郭富琨 王思淇 张程锦 吴昱安 秦誉恩 李海鹏 张乂文 巴登格勒 粟靖林 阚娟 杨芊茹 李成玉 拉尔吾 何万里 安正龙 李蓄东 杨文静 张雨坤 钟瑞佳 吴照燕,6,[],0
699OTQXzgjhIYAHMy9RyPD,Playboi Carti,9032051,"['atl hip hop', 'plugg', 'pluggnb', 'rage rap', 'rap']",84
3LOm0AZjpwVQebvkyanjDy,ODUMODUBLVCK,308977,"['afro drill', 'afrobeats', 'nigerian pop']",65
69GGBxA162lTqCwzJG5jLp,The Chainsmokers,20351243,['pop'],79
2FXC3k01G6Gw61bmprjgqS,Hozier,6031074,"['irish singer-songwriter', 'modern rock', 'pov: indie']",81
2jSGzJw0ebJLu7OLVSOcBP,Plan B,3517866,"['reggaeton', 'trap latino', 'urbano latino']",78
6KOszWgIriJLaPOySuBOTI,SUICIDAL-IDOL,61565,['scenecore'],71
1oSPZhvZMIrWW5I41kPkkY,Jimin,6750318,['k-pop'],82
0lAWpj5szCSwM4rUMHYmrr,Måneskin,8002744,"['indie rock italiano', 'italian pop']",79
3p7PcrEHaaKLJnPUGOtRlT,Henrique & Juliano,20173002,"['agronejo', 'arrocha', 'sertanejo', 'sertanejo universitario']",81
6wxfx1yhyqjCPYwwxJktR2,King Gnu,2980901,"['j-pop', 'j-rock']",72
5TP8Ubo4jLKEi4Mw2O8fAk,BM,475911,['previa'],75
5tRk0bqMQubKAVowp35XtC,MC 張天賦,187473,"['cantopop', 'hk-pop']",57
1NNRWkhwmcXRimFYSBpB1y,Yng Lvcas,241118,['reggaeton'],73
1QAJqy2dA3ihHBFIHRphZj,Cigarettes After Sex,8511501,"['ambient pop', 'dream pop', 'el paso indie', 'shoegaze']",80
0AqlFI0tz2DsEoJlKSIiT9,Emilia,1778195,['pop argentino'],77
5f7VJjfbwm532GiveGC0ZK,Lil Baby,15638148,"['atl hip hop', 'atl trap', 'rap', 'trap']",86
1wZtkThiXbVNtj6hee6dz9,Wisin & Yandel,6749956,"['electro latino', 'reggaeton', 'trap latino', 'urbano latino']",78
2O8vbr4RYPpk6MRA4fio7u,Saiko,301364,"['urbano espanol', 'urbano latino']",79
4YLtscXsxbVgi031ovDDdh,Chris Stapleton,6238129,"['contemporary country', 'outlaw country']",79
7f5Zgnp2spUuuzKplmRkt7,Lost Frequencies,2746445,"['belgian edm', 'edm', 'pop dance', 'tropical house']",76
0mMqD2uqwvCjFvlzo6ayGi,DJ Maphorisa,2071610,['amapiano'],64
5q1NzLZwErZ9ujzqZKL0YZ,Три дня дождя,266654,"['russian alt pop', 'russian hip hop']",57
5lwmRuXgjX8xIwlnauTZIP,Romeo Santos,20060198,"['bachata', 'latin hip hop', 'latin pop', 'urbano latino']",81
5TcnuUD5MHBfd1cO4kweWD,Alex Favela,43422,['corrido'],70
20wkVLutqVOYrc0kxFs7rA,Daniel Caesar,4657295,['canadian contemporary r&b'],80
4aXXDj9aZnlshx7mzj3W1N,Lin-Manuel Miranda,587405,"['broadway', 'show tunes']",71
6IflU2YrY5Cyw7YoBICosV,Fally Ipupa,856114,"['azontobeats', 'musique urbaine kinshasa', 'ndombolo', 'r&b francais', 'rumba congolaise']",59
3q7HBObVc0L8jNeTe5Gofh,50 Cent,12692957,"['east coast hip hop', 'gangster rap', 'hip hop', 'pop rap', 'queens hip hop', 'rap']",82
5E9Xn7QuCD3VYCuBqLxBdY,Baby Lullaby Academy,8618,['lullaby'],63
1dKdetem2xEmjgvyymzytS,Grupo Firme,11171464,"['musica mexicana', 'norteno', 'sierreno']",80
2fMqTqiTxUDlmcOEPaQSsx,Amitabh Bhattacharya,174541,['modern bollywood'],79
1ul8iLt2WnFe2UIyovjg7q,reezy,401473,"['german hip hop', 'german r&b']",70
0XeEobZplHxzM9QzFQWLiR,Eslabon Armado,4871159,"['corrido', 'corridos tumbados', 'sad sierreno', 'sierreno']",79
74KM79TiuVKeVCqs8QtB0B,Sabrina Carpenter,6210491,['pop'],78
4F4pp8NUW08JuXwnoxglpN,Bad Gyal,1175180,"['neoperreo', 'rap catala', 'rap latina', 'trap catala', 'urbano espanol']",74
4ufh0WuMZh6y4Dmdnklvdl,BAEKHYUN,2669093,['k-pop'],63
6jJ0s89eD6GaHleKKya26X,Katy Perry,29903757,['pop'],82
2UwqpfQtNuhBwviIC0f2ie,Damso,4848439,"['belgian hip hop', 'french hip hop', 'pop urbaine', 'r&b francais', 'rap belge', 'rap conscient']",73
4zoRNhOhsGX3w8yBAnFSQ8,Paul Russell,127998,['indie r&b'],65
7kjSuFGKhLm8b5qXoMhRkJ,Libianca,352500,['afrobeats'],69
5AZuEF0feCXMkUCwQiQlW7,Marracash,2205939,"['italian hip hop', 'italian pop', 'italian underground hip hop', 'rap napoletano']",73
7CJgLPEqiIRuneZSolpawQ,Taco Hemingway,1411557,"['polish hip hop', 'polish trap']",74
2WBJQGf1bT1kxuoqziH5g4,Purple Disco Machine,585401,"['deep house', 'house']",72
6LEG9Ld1aLImEFEVHdWNSB,AP Dhillon,4384749,"['desi hip hop', 'desi pop', 'punjabi hip hop', 'punjabi pop']",76
6m6e7D2TnV0aYMllFFwMxu,Guilherme & Benuto,724724,"['agronejo', 'arrocha', 'sertanejo', 'sertanejo universitario']",76
0NjXtqYWpnV055KhfZgtuY,Saad Lamjarred,1990646,"['arab pop', 'moroccan pop', 'rif', 'shaabi']",62
12vb80Km0Ew53ABfJOepVz,Ñengo Flow,4971136,"['reggaeton', 'trap latino', 'urbano latino']",80
1GMwSpFzrLd12jUX15bHB6,BLOK3,633916,['turkce drill'],71
7ltDVBr6mKbRvohxheJ9h1,ROSALÍA,7953605,"['latin viral pop', 'pop', 'r&b en espanol']",80
1dpqJqIuNqideTvmxBsSku,Mabel Matiz,3600120,['turkish pop'],69
0jdNdfi4vAuVi7a6cPDFBM,Lazza,1806127,"['italian hip hop', 'italian pop', 'rap genovese', 'trap italiana']",74
687cZJR45JO7jhk1LHIbgq,Tems,1253462,"['afro r&b', 'alte', 'nigerian pop']",74
3NH8t45zOTqzlZgBvZRjvB,PNL,7755713,"['french hip hop', 'pop urbaine']",72
1zNqDE7qDGCsyzJwohVaoX,Anne-Marie,11277834,['pop'],78
4kcQWQDK0u9AftVSpdrAgk,Luck Ra,613953,"['trap argentino', 'trap triste']",71
1GKIlPFdcewHtpDVCQ8zmJ,Brray,320879,"['reggaeton', 'reggaeton flow', 'trap latino', 'urbano latino']",75
7f4ignuCJhLXfZ9giKT7rH,NCT 127,7201727,"['k-pop', 'k-pop boy group']",72
74OaRjmyh0XyRZsQQQ5l7c,Jasleen Royal,1451218,"['filmi', 'indian singer-songwriter', 'modern bollywood']",72
2YRyPiW98bpkARAS4B3OQP,Dei V,160739,"['trap latino', 'urbano latino']",74
0sP79Bq6zJj6EskteStNBW,Malie Donn,47476,"['dancehall', 'traphall']",49
4obzFoKoKRHIphyHzJ35G3,Becky G,13956252,"['latin pop', 'latin viral pop', 'rap latina', 'reggaeton', 'trap latino', 'urbano latino']",78
3vvLuXEEf7sl3izJcw0GIn,Skryptonite,2243544,"['central asian hip hop', 'kazakh hip hop', 'russian hip hop', 'russian trap']",62
3JhNCzhSMTxs9WLGJJxWOY,Macklemore,2121151,"['pop rap', 'seattle hip hop']",76
0YpXDLh8xp0ojwc1GBKCxC,Mellow Strings,273,[],53
7FOQfJbC3e4GNoheojERnF,SleazyWorld Go,251767,['rva drill'],62
3a4bEvoyyeZPOLxCkSgPO6,A.V.G,30580,[],55
64d1rUxfizSAOE9UbMnUZd,Sezen Aksu,8268360,['turkish pop'],72
7MiDcPa6UiV3In7lIM71IN,Gusttavo Lima,20655331,"['agronejo', 'arrocha', 'sertanejo', 'sertanejo universitario']",80
19k8AgwwTSxeaxkOuCQEJs,Jelly Roll,2668697,"['country rap', 'nashville hip hop', 'tennessee hip hop']",75
4dqqy9z09htrVsRiJpoQmw,DESH,108304,"['hungarian hip hop', 'hungarian pop']",63
4O15NlyKLIASxsJ0PrXPfz,Lil Uzi Vert,16056577,"['hip hop', 'melodic rap', 'philly rap', 'rage rap', 'rap']",85
4PLdCloYxu2bMKfuuB9lI5,MC PH,1055814,"['funk consciente', 'funk paulista']",76
5xYNmNkaWRqu3e5F4UXME8,Alfredo Olivas,6717476,"['banda', 'corrido', 'musica mexicana', 'norteno', 'sad sierreno', 'sierreno']",80
3cAisWS37sGCCtRgWfvrod,Diamond Platnumz,828556,"['azontobeats', 'bongo flava', 'tanzanian pop']",57
5JarRSarAfQfxuIHbLpBh7,Chilled Ambience,10,[],30
20zafXaLhm5IcXnSU93rNn,Nadin Amizah,2510055,['indonesian pop'],73
4PzYKhC14sTJNEr0dzoo0d,Luísa Sonza,4906617,"['funk carioca', 'pop nacional']",78
7j6DKwmjbxvpQO8h914uEz,Ryan Castro,1925813,"['reggaeton', 'trap colombiano', 'trap latino', 'urbano latino']",79
0k17h0D3J5VfsdmQ1iZtE9,Pink Floyd,19683184,"['album rock', 'art rock', 'classic rock', 'progressive rock', 'psychedelic rock', 'rock', 'symphonic rock']",77
5BcAKTbp20cv7tC5VqPFoC,Macklemore & Ryan Lewis,2615971,"['pop rap', 'seattle hip hop']",73
4RVnAU35WRWra6OZ3CbbMA,Kylie Minogue,1817777,"['australian dance', 'australian pop', 'dance pop', 'eurodance', 'new wave pop']",72
2UZIAOlrnyZmyzt1nuXr9y,Nicki Nicole,5039901,"['argentine hip hop', 'r&b argentino', 'trap argentino', 'trap latino', 'urbano latino']",78
1X6cBGnXpEpN7CmflLKmLV,Kizz Daniel,2039469,"['afrobeats', 'afropop', 'azontobeats', 'nigerian pop']",66
5Y3MV9DZ0d87NnVm56qSY1,Tiago PZK,4140823,"['trap argentino', 'trap latino', 'urbano latino']",78
70kkdajctXSbqSMJbQO424,Kacey Musgraves,1249662,"['classic texas country', 'contemporary country', 'country dawn']",76
788jOE9HMUy9heDK8EIkon,Kamo Mphela,342695,['amapiano'],49
76UCIJTB0jcJvBaL0CdIqx,Takagi & Ketra,494710,"['italian adult pop', 'italian pop']",68
76UCIJTB0jcJvBaL0CdIqx,Takagi & Ketra,494710,"['italian adult pop', 'italian pop']",68
0TnOYISbd1XYRBk9myaseg,Pitbull,10207202,"['dance pop', 'miami hip hop', 'pop']",81
4Ga1P7PMIsmqEZqhYZQgDo,Lil Tecca,6452457,"['melodic rap', 'pluggnb', 'rap']",80
2z2TRvloJt4EfUNQp9rHAi,Alonzo,1835410,"['french hip hop', 'pop urbaine', 'r&b francais', 'rap francais', 'rap marseille']",67
0eDvMgVFoNV3TpwtrVCoTj,Pop Smoke,13114861,"['brooklyn drill', 'rap']",80
2elBjNSdBE2Y3f0j1mjrql,Jay Chou,5004954,"['c-pop', 'mandopop', 'taiwan pop', 'zhongguo feng']",72
6wWVKhxIU2cEi0K81v7HvP,Rammstein,8781255,"['german metal', 'industrial', 'industrial metal', 'industrial rock', 'neue deutsche harte']",78
4yvRXgtIPiDMzH3wb1JPh7,Aleksandra Prijovic,224618,['turbo folk'],58
6C1X5Uh3DPIkC2gaVq00BL,Jala Brat,650761,"['balkan hip hop', 'turbo folk']",62
32vWCbZh0xZ4o9gkz4PsEU,Dolly Parton,2259832,"['classic country pop', 'country', 'country dawn']",70
4oLeXFyACqeem2VImYeBFe,Fred again..,1032182,"['edm', 'house', 'stutter house']",76
6olE6TJLqED3rqDCT0FyPh,Nirvana,18364976,"['grunge', 'permanent wave', 'rock']",80
3DbwFQlvLxRSi2uX8mf81A,Sexyy Red,277773,['trap queen'],74
0qKRRwXdVtrVIEdPFr8vvo,Benj Pasek,4203,[],30
2q9wk5fkeU2C9CgCKdh4AN,Mc IG,2009629,"['funk carioca', 'funk consciente', 'funk mtg', 'funk paulista']",79
0a1SidMjD8D6EHvJph4n2H,Ruger,1831345,"['afrobeats', 'nigerian pop']",63
5Vo1hnCRmCM6M4thZCInCj,OFFICIAL HIGE DANDISM,6046489,"['anime', 'anime rock', 'j-pop']",71
0hCNtLu0JehylgoiP8L4Gh,Nicki Minaj,29767996,"['hip pop', 'pop', 'queens hip hop', 'rap']",85
6sBSLIunx1Je0Y2T77wpkP,Motive,868969,"['turkish hip hop', 'turkish trap']",71
1Zj4GtouAnxHq4qw7ooLfm,Mert Demir,131876,['turkish alt pop'],64
5lEkQtWa3UKlI1hj7sktcd,Calin,420594,"['czech pop', 'czsk emo rap', 'czsk hip hop']",63
